{"assets/icons/iPhone%2012%20Pro%20Max%20%E2%80%93%206.png":["assets/icons/iPhone%2012%20Pro%20Max%20%E2%80%93%206.png"],"assets/images/avatar.png":["assets/images/avatar.png"],"assets/images/logo.png":["assets/images/logo.png"],"assets/images/profile-pic.jpg":["assets/images/profile-pic.jpg"],"assets/images/ytbPlayBotton.png":["assets/images/ytbPlayBotton.png"],"assets/svg/ATM%20Withraws.svg":["assets/svg/ATM%20Withraws.svg"],"assets/svg/Add%20Button.svg":["assets/svg/Add%20Button.svg"],"assets/svg/Arrow.svg":["assets/svg/Arrow.svg"],"assets/svg/Checkmark.svg":["assets/svg/Checkmark.svg"],"assets/svg/Cinema.svg":["assets/svg/Cinema.svg"],"assets/svg/Contactless%20Payment.svg":["assets/svg/Contactless%20Payment.svg"],"assets/svg/Gas.svg":["assets/svg/Gas.svg"],"assets/svg/Hamburger.svg":["assets/svg/Hamburger.svg"],"assets/svg/Header.svg":["assets/svg/Header.svg"],"assets/svg/Light.svg":["assets/svg/Light.svg"],"assets/svg/More.svg":["assets/svg/More.svg"],"assets/svg/Online%20Payment.svg":["assets/svg/Online%20Payment.svg"],"assets/svg/Profile%20Photo.jpg":["assets/svg/Profile%20Photo.jpg"],"assets/svg/Visa%20Logo.svg":["assets/svg/Visa%20Logo.svg"],"assets/svg/about_us.svg":["assets/svg/about_us.svg"],"assets/svg/about_us_colored.svg":["assets/svg/about_us_colored.svg"],"assets/svg/add.svg":["assets/svg/add.svg"],"assets/svg/aeroplane.svg":["assets/svg/aeroplane.svg"],"assets/svg/back%20button.svg":["assets/svg/back%20button.svg"],"assets/svg/back.svg":["assets/svg/back.svg"],"assets/svg/bank.svg":["assets/svg/bank.svg"],"assets/svg/car.svg":["assets/svg/car.svg"],"assets/svg/contact%20us.svg":["assets/svg/contact%20us.svg"],"assets/svg/credit-card.svg":["assets/svg/credit-card.svg"],"assets/svg/creditor.svg":["assets/svg/creditor.svg"],"assets/svg/gas-tank.svg":["assets/svg/gas-tank.svg"],"assets/svg/home.svg":["assets/svg/home.svg"],"assets/svg/lamp.svg":["assets/svg/lamp.svg"],"assets/svg/menu.svg":["assets/svg/menu.svg"],"assets/svg/mobile-phone.svg":["assets/svg/mobile-phone.svg"],"assets/svg/request.svg":["assets/svg/request.svg"],"assets/svg/ringing.svg":["assets/svg/ringing.svg"],"assets/svg/satellite-dish.svg":["assets/svg/satellite-dish.svg"],"assets/svg/send.svg":["assets/svg/send.svg"],"assets/svg/stars.svg":["assets/svg/stars.svg"],"assets/svg/testimnonails_colored.svg":["assets/svg/testimnonails_colored.svg"],"assets/svg/testimonails.svg":["assets/svg/testimonails.svg"],"assets/svg/tips.svg":["assets/svg/tips.svg"],"assets/svg/tips_colored.svg":["assets/svg/tips_colored.svg"],"assets/svg/train.svg":["assets/svg/train.svg"],"assets/svg/user.svg":["assets/svg/user.svg"],"assets/svg/videos.svg":["assets/svg/videos.svg"],"assets/svg/videos_colored.svg":["assets/svg/videos_colored.svg"],"packages/cupertino_icons/assets/CupertinoIcons.ttf":["packages/cupertino_icons/assets/CupertinoIcons.ttf"],"packages/flutter_inappwebview/t_rex_runner/t-rex.css":["packages/flutter_inappwebview/t_rex_runner/t-rex.css"],"packages/flutter_inappwebview/t_rex_runner/t-rex.html":["packages/flutter_inappwebview/t_rex_runner/t-rex.html"]}